lat,lng,city,state,date,year,month
68.7886418,16.1216796,Dale (south of),IN,1976-06-17T21:00:00.000Z,1976,6
15.1909828,145.746808767694,Saipan,,2006-12-01T02:00:00.000Z,2006,12
-42.8825087,147.3281233,Hobart,IN,2016-05-20T21:00:00.000Z,2016,5
55.1994475,-162.740478100611,Cold Bay,AK,1995-09-20T19:30:00.000Z,1995,9
-34.19136055,18.4275705003372,Simonstown (South Africa),,1976-01-04T05:30:00.000Z,1976,1
-0.7031069,-120.9374999,Pacific Ocean,,1995-06-09T02:40:00.000Z,1995,6
62.199991,-75.6378089,Salluit (Canada),QC,1995-12-05T23:10:00.000Z,1995,12
-30.5343664,135.6301212,South Australia,,2001-08-12T23:36:00.000Z,2001,8
-8.2908753,124.778984869961,Alor Islands (Indonesia),,1959-07-15T00:00:00.000Z,1959,7
79.75,10.833333,Amsterdam,MO,2001-02-01T20:00:00.000Z,2001,2
-17.3935418,-66.1570138,Cochabamba (Bolivia),,2013-11-11T21:52:00.000Z,2013,11
-46.4121228,168.3483269,Invercargill (New Zealand),,2002-07-03T22:35:00.000Z,2002,7
25.3642178,118.692984,Xianyou Putian (China),,2007-09-13T06:23:00.000Z,2007,9
27.329046,88.6122673,Gangtok (India),,2011-09-30T18:15:00.000Z,2011,9
4.5759759,-75.9742247,Obando (Colombia),,2016-08-21T03:00:00.000Z,2016,8
-21.9792309,16.9128172,Okahandja (Namibia),,2009-02-16T20:30:00.000Z,2009,2
47.2286086,65.2093197,Kazakhstan,,1990-07-01T22:30:00.000Z,1990,7
-33.0191603,27.8998573,East London (South Africa),,2010-02-17T13:20:00.000Z,2010,2
-54.7080657,-68.2277619,Ford,VA,2014-02-15T21:45:00.000Z,2014,2
48.7384028,19.1573494,Banska Bystrica (Slovakia),,2013-01-01T00:05:00.000Z,2013,1
-54.8069331,-68.3073245,Ushuaia (Argentina),,1952-07-15T10:00:00.000Z,1952,7
65.2632484,-166.3640143,Teller,AK,1986-06-20T23:30:00.000Z,1986,6
-4.4999999,-80.6666669,Sullana (Peru),,2010-03-06T22:10:00.000Z,2010,3
76.7291135,-114.3474059,Emerald Isle,,2014-08-09T22:00:00.000Z,2014,8
35.000074,104.999927,China,,2007-05-01T02:00:00.000Z,2007,5
47.5327387,25.8173527992344,Suceava (Romania),,2005-04-03T15:30:00.000Z,2005,4
-8.4593113,179.079556571439,Funafuti (Tuvalu),,1997-10-27T21:42:00.000Z,1997,10
51.4684326,-9.7256676,Crookhaven (Republic of Ireland),,2007-08-08T15:17:00.000Z,2007,8
-4.6062563,55.5041032312706,Saint Anne,IL,2012-05-06T22:00:00.000Z,2012,5
-20.27364085,-40.250970866372,Central,VA,2011-10-08T23:00:00.000Z,2011,10
-34.6285598,-68.3298648,Mendoza San Rafael (Argentina),,2003-08-01T02:10:00.000Z,2003,8
-35.1867137,138.4768222,Seaford (Australia),,2009-09-18T22:00:00.000Z,2009,9
-28.7703499,114.6147159,Geraldton (Australia),,2007-06-17T05:31:00.000Z,2007,6
39.835907,-75.4488450468055,Boothwyn,PA,2012-11-05T17:02:00.000Z,2012,11
30.55513915,104.049780276768,Phoenix City,AL,1997-03-29T20:00:00.000Z,1997,3
44.6879589,-63.2689203,Desert,CA,2004-09-15T15:00:00.000Z,2004,9
69.7028171,170.2746851,Pevek (Russia),,2012-06-20T13:53:00.000Z,2012,6
38.8402805,-97.6114236,Salina,KS,2014-08-01T23:30:00.000Z,2014,8
16.8602906,-99.876832,Acapulco (Mexico),,2014-12-30T03:00:00.000Z,2014,12
-27.1260191,-109.34967420557,Easter Island (Chile),,2006-05-21T16:00:00.000Z,2006,5
5.8216198,-55.1771973,Paramaribo (Suriname),,2003-01-10T20:30:00.000Z,2003,1
32.3298121,-64.7057781525722,Hamilton (Bermuda),,2006-07-27T15:00:00.000Z,2006,7
55.7702053,-2.0037522,Berwick,LA,2006-04-15T07:00:00.000Z,2006,4
-3.84513915,-32.4063734,Atlantic Ocean (Brazil),,2010-09-22T22:30:00.000Z,2010,9
14.6934248,-17.4479376,Dakar (Senegal),,2003-04-25T04:30:00.000Z,2003,4
64.6863136,97.7453061,Russian Federation,,2006-08-16T00:00:00.000Z,2006,8
47.9965406,5.5307301,Monaco (France),,2005-08-19T00:00:00.000Z,2005,8
-22.676784,14.5313988,Swakopmund (Namibia),,2008-07-12T23:00:00.000Z,2008,7
-4.6408821,140.6547324,Unknown,PA,2011-12-20T12:00:00.000Z,2011,12
-18.7196756,-174.040847207104,Va'vau (Tonga),,1992-05-01T22:00:00.000Z,1992,5
8.0018709,-66.1109317,Venezuela,,1996-12-29T19:00:00.000Z,1996,12
-25.8980595,139.3523124,Birdsville (Australia),,2009-05-05T19:15:00.000Z,2009,5
-17.7213856,177.4525045,Western Pacific,,1965-06-19T00:00:00.000Z,1965,6
71.3864521,-156.4821311,Point Barrow,AK,1981-06-15T00:00:00.000Z,1981,6
55.1674213,59.6792625,Zlatoust (Russia),,1993-10-10T03:00:00.000Z,1993,10
9.5944718,41.85572,Dire Dawa (Ethiopia),,2013-03-30T09:58:00.000Z,2013,3
27.4844597,94.9019447,Dibrugarh (India),,2012-12-07T21:49:00.000Z,2012,12
65.9647019,29.1867006,Kuusamo (Finland),,2003-10-23T20:30:00.000Z,2003,10
-41.2183142,175.4594061,Martinborough (New Zealand),,2001-08-25T18:25:00.000Z,2001,8
17.1472686,-61.80002,Coolidge (Antigua),,2010-05-01T22:00:00.000Z,2010,5
-18.1415883,178.4421662,Suva (Fiji),,2012-01-01T05:50:00.000Z,2012,1
-34.9777495,116.7317699,Walpole (Australia),,2004-06-29T17:30:00.000Z,2004,6
32.75175465,-16.9817465612925,Madeira (Portugal),,2004-08-10T00:43:00.000Z,2004,8
34.2255804,139.294774527387,Tokyo (Japan),,2016-02-01T07:24:00.000Z,2016,2
40.0,-39.9999999,North Atlantic Ocean,,2007-04-23T05:00:00.000Z,2007,4
6.3280343,-10.7977881,Monrovia (Liberia),,2008-07-11T17:55:00.000Z,2008,7
13.4842434,-0.3270521,Taparko (Burkina Faso),,2005-12-25T20:00:00.000Z,2005,12
-29.7628399,-50.7657299,Dom Feliciano (Brazil),,2011-05-05T23:50:00.000Z,2011,5
-22.9257973,-42.5076329,Saquarema (Rio de Janeiro) (Brasil),,2009-11-06T03:00:00.000Z,2009,11
40.5777697,141.4364151,Momoishi (Japan),,1999-09-20T02:00:00.000Z,1999,9
15.45374395,29.7951525192217,,SD,2012-05-17T21:30:00.000Z,2012,5
33.0217617,-101.9212715,Wells,TX,2008-02-12T01:00:00.000Z,2008,2
21.9708333,-159.7149999,Kekaha,HI,2013-04-21T21:00:00.000Z,2013,4
22.224685,-159.5579038,Haena,HI,2012-04-02T22:30:00.000Z,2012,4
64.2240872,27.7334227,Kajaani,,2008-12-24T16:48:00.000Z,2008,12
77.6192349,-42.8125966,Greenland,,2009-10-10T00:00:00.000Z,2009,10
-12.4604399,130.8410469,Darwin (Australia),,2010-11-08T00:00:00.000Z,2010,11
35.9679984,126.7369036,"Kunsan City, South Korea",,2002-09-06T22:00:00.000Z,2002,9
63.5926909,-135.896142,Mayo (Canada),YT,2016-08-01T17:00:00.000Z,2016,8
49.9230302,-74.8201895,Oujé Bougoumou (Canada),QC,2009-07-24T22:00:00.000Z,2009,7
63.3351381,-90.7082809,Chesterfield Inlet (Canada),,2008-01-12T06:30:00.000Z,2008,1
-42.4003722,173.6803614,Kaikoura (New Zealand),,1978-12-15T21:00:00.000Z,1978,12
-6.9344693,107.6049539,Bandung (Indonesia),,2002-05-30T23:15:00.000Z,2002,5
53.3473762,83.7784101,Barnaul (Russia),,2001-01-26T00:00:00.000Z,2001,1
7.2525595,5.1932647,Akure (Nigeria),,1998-01-28T21:00:00.000Z,1998,1
56.3285709,44.003504,Nizhny Novgorod (Russia),,2005-07-26T23:35:00.000Z,2005,7
34.7566235,135.77213,Seika-cho (Kyoto Prefecture) (Japan),,2005-12-12T18:18:00.000Z,2005,12
-20.2643014,57.4800061,Quatre Bornes (Mauritius),,2005-02-20T02:00:00.000Z,2005,2
-19.46792205,158.584999837901,South Chesterfield,VA,2013-09-21T23:00:00.000Z,2013,9
-38.4620893,144.1067555,"Victoria, Aireys Inlet (Australia)",,2006-01-21T04:30:00.000Z,2006,1
25.6242618,42.3528328,Saudi Arabia,,1990-10-15T22:30:00.000Z,1990,10
-45.8739281,170.503488,Dunedin (New Zealand),,2007-01-30T21:57:00.000Z,2007,1
51.8649607,-176.6409195,Adak,AK,1986-06-01T00:00:00.000Z,1986,6
-53.1626645,-70.9080976,Punta Arenas (Chile),,1997-04-15T11:33:00.000Z,1997,4
22.8938107,-109.9111324,Cabo San Lucas (Baja California)(Mexico),,2014-12-25T00:00:00.000Z,2014,12
46.5969028,125.1014811,Daqing (China),,1988-10-05T06:30:00.000Z,1988,10
70.1263327,-143.613402,Kaktovik,AK,2009-12-01T16:00:00.000Z,2009,12
38.908798,-123.6930725,Point Arena,CA,2013-10-14T20:30:00.000Z,2013,10
-30.2063888,30.7961111,Umkomaas (South Africa),,2011-01-30T21:30:00.000Z,2011,1
19.0705815,-155.747270838519,Ocean View,HI,2015-08-30T23:00:00.000Z,2015,8
-1.4505599,-48.4682452,Bethlehem,PA,2016-08-17T08:15:00.000Z,2016,8
-41.4718515,-72.9396135,Puerto Montt (Chile),,2011-01-28T21:00:00.000Z,2011,1
29.9479833,-85.4179765,Mexico Beach,FL,2003-02-10T17:00:00.000Z,2003,2
-9.6476842,-35.7339263,Maceio - AL (Brazil),,2011-06-24T02:00:00.000Z,2011,6
-33.9531775,115.0769369,Margaret River (Western Australia),,1999-04-21T21:45:00.000Z,1999,4
-34.1832021,22.1536248,Mossel Bay (South Africa),,2012-07-20T22:35:00.000Z,2012,7
6.2403755,-75.7910655,Colombiana,AL,1999-12-05T04:20:00.000Z,1999,12
-21.6989681,21.6452408,Ghanzi (Botswana),,2015-06-15T21:25:00.000Z,2015,6
-15.4166966,28.2813812,Lusaka (Zambia),,2012-02-29T20:07:00.000Z,2012,2
6.8025766,-58.1628611,Georgetown (Guyana),,2012-08-29T18:38:00.000Z,2012,8
66.5647222,-145.2738888,Ft. Yukon,AK,1976-02-13T13:30:00.000Z,1976,2
-4.7993355,114.5632032,,ID,2015-10-06T20:00:00.000Z,2015,10
47.2243277,-53.2041687,Three Rivers (Canada) ??,,1990-06-01T22:00:00.000Z,1990,6
54.92075415,-7.95231355273584,Donegal County (Republic of Ireland),,2002-06-30T16:00:00.000Z,2002,6
-37.8301385,140.7842627,Mount Gambier  (Australia),,2001-05-12T20:35:00.000Z,2001,5
53.8469317,-59.7971639,Pearl River,LA,2014-09-21T04:00:00.000Z,2014,9
-24.7893822,-65.4101932,Salta,,2015-07-16T18:00:00.000Z,2015,7
21.270278,40.415833,At Taif (Saudi Arabia),,2007-07-29T19:05:00.000Z,2007,7
50.0662633,-5.7148221,Lands End (Cornwall) (UK/England),,2006-06-09T15:15:00.000Z,2006,6
7.343275,134.4766767,Koror (Palau),,2012-11-07T00:00:00.000Z,2012,11
35.5935134,-75.4679357,Rodanthe,NC,2014-08-17T22:30:00.000Z,2014,8
-20.03507,57.6589224,Goodlands (Mauritius),,2013-07-08T18:30:00.000Z,2013,7
-9.9999998,69.9999999,Indian Ocean,,2010-10-29T21:00:00.000Z,2010,10
31.871038,-116.6415805,"Bahia de Los Angeles (Baja, Mexico)",,2003-07-06T20:30:00.000Z,2003,7
52.4082663,16.9335199,Posen,IL,2005-10-01T03:00:00.000Z,2005,10
-2.6333329,151.983333,Simberi Island (Papua/New Guinea),,2012-07-01T19:03:00.000Z,2012,7
19.5061111,-154.848611,Kapoho,HI,2013-08-28T10:30:00.000Z,2013,8
-29.9026614,-71.2520135,La Serena (Chile),,1969-12-21T02:54:00.000Z,1969,12
48.4717364,-71.6543983,St. Bruno (Canada),QC,2007-09-08T21:00:00.000Z,2007,9
20.2603328,85.8393432,Bhubaneswar (India),,2015-11-02T05:45:00.000Z,2015,11
-23.37825,150.5134442,Rockhampton (Australia),,2001-08-13T23:12:00.000Z,2001,8
61.0666922,-107.991707,La Canada,CA,2016-09-06T20:40:00.000Z,2016,9
2.8894434,-73.7838919,Columbia,,2014-01-23T11:00:00.000Z,2014,1
-33.961705,25.6207519,Port Elizabeth (South Africa),,2015-04-10T00:00:00.000Z,2015,4
1.2904527,103.852038,Singapore,,2011-11-09T20:00:00.000Z,2011,11
30.2924363,57.0646827,Kerman (Iran),,2015-09-26T02:00:00.000Z,2015,9
-29.1181752,167.9541199,Phillip Island (Australia),,2001-06-29T02:00:00.000Z,2001,6
6.6774987,-1.573628,multiple,MA,2013-04-21T23:10:00.000Z,2013,4
36.270241,-121.8074544,Big Sur,CA,2014-09-09T13:37:00.000Z,2014,9
13.0900867,80.2895815,CHENNAI CITY (MADRAS) (India),,1988-06-30T00:00:00.000Z,1988,6
26.8818268,88.2783637,Kurseong (India),,2008-07-11T01:00:00.000Z,2008,7
50.15947595,143.026504609508,Sakhalin Island (Russia),,2004-06-30T19:00:00.000Z,2004,6
-38.2511248,178.1489099,Gisborne (New Zealand),,1982-10-10T07:00:00.000Z,1982,10
-15.7862542,35.0035694,Blantyre (Malawi),,1996-08-10T06:30:00.000Z,1996,8
-51.6516401,-69.2748793,I-95 south,SC,2013-11-29T07:45:00.000Z,2013,11
37.3414854,40.7476249,Mardin (Turkey),,1960-06-01T06:00:00.000Z,1960,6
-34.0118808,25.3525117,"Seaview (Port Elizabeth,  Eastern Cape) (South Africa)",,1999-09-28T20:30:00.000Z,1999,9
65.6825696,-18.0913026,Akureyri (Iceland),,2009-08-09T00:00:00.000Z,2009,8
38.7253231,35.4836107,Kayseri (Turkey),,2000-06-15T00:00:00.000Z,2000,6
24.4747961,54.3705762,Abu Dhabi,,2014-11-11T11:00:00.000Z,2014,11
-18.4554962,29.7468414,Zimbabwe,,2009-11-02T20:45:00.000Z,2009,11
26.0499751,56.0876409,Ras Al Khaimah (UAE),,2002-02-27T06:27:00.000Z,2002,2
22.2236111,-159.4852777,Princeville,HI,2013-07-03T21:30:00.000Z,2013,7
-34.051111,24.9222222,Jeffreys Bay (South Africa),,2013-12-20T20:35:00.000Z,2013,12
42.1658227,-95.793062,Mapleton,IA,2003-07-04T02:30:00.000Z,2003,7
70.6369444,-160.0383332,Wainwright,AK,2002-01-02T21:32:00.000Z,2002,1
55.119358,-131.574741610128,Metlakatla,AK,2012-02-12T04:30:00.000Z,2012,2
58.3727059,26.7237528,Tartu (Estonia),,2005-03-22T20:30:00.000Z,2005,3
22.5677459,88.3476023,Kolkata (India),,2016-04-20T22:40:00.000Z,2016,4
-35.0247821,117.883608,Albany (Western Australia),,2004-12-30T00:00:00.000Z,2004,12
-5.6816068,144.2489081,Papua New Guinea,,1999-11-04T00:00:00.000Z,1999,11
6.1747017,116.2258042,Tuaran (Sabah) (Malaysia),,1999-10-05T10:57:00.000Z,1999,10
-20.036296,57.5447033,Trou-Aux Biches (Mauritius),,2016-01-16T23:30:00.000Z,2016,1
29.6843804,-101.1734379,Comstock,TX,2002-03-30T20:30:00.000Z,2002,3
54.7023545,-3.2765752,London (UK/London),,2005-05-15T16:00:00.000Z,2005,5
6.4992459,116.766258,Kota marudu sabah (Malaysia),,2014-05-02T22:20:00.000Z,2014,5
46.2561815,-114.154642335142,Hamilton,MT,2016-04-12T21:50:00.000Z,2016,4
4.4541667,73.7168013518678,Maldives (Meeru Island Resort),,2013-04-12T05:02:00.000Z,2013,4
13.581921,-38.3203119,Atlantic Ocean,,1988-09-20T13:00:00.000Z,1988,9
10.42900145,-75.5463849781326,San Diego,CO,2015-11-07T18:05:00.000Z,2015,11
-6.8142736,39.2803756,Dar es Salaam (Tanzania),,2009-01-09T19:40:00.000Z,2009,1
13.833333,124.25,Catanduanes (Philippines),,1993-10-25T21:00:00.000Z,1993,10
-10.3333332,-53.1999999,Brazil,,1993-06-01T00:00:00.000Z,1993,6
54.9913752,73.3714883,Omsk (Russia),,2002-10-15T23:00:00.000Z,2002,10
-46.3509976,168.0202689,Riverton (New Zealand),,2011-10-27T15:00:00.000Z,2011,10
55.9947077,-117.0036258,Reno,CA,2015-06-14T12:30:00.000Z,2015,6
12.5013629,-69.9618474,Aruba,,1998-12-31T23:49:00.000Z,1998,12
-34.1027777,18.38,"Noordhoek, Cape Town (South Africa)",,2008-03-11T21:45:00.000Z,2008,3
52.9759902,-122.4940039,Quesnel (Canada),BC,2008-09-23T16:12:00.000Z,2008,9
-17.9566908,122.2240181,Broome (Australia),,2013-12-05T20:30:00.000Z,2013,12
4.6125522,13.1535811,Cameron,LA,2014-07-12T21:00:00.000Z,2014,7
32.455238,-90.1132182313657,Madison,MS,2015-12-17T18:50:00.000Z,2015,12
13.2770715,144.740959275069,Inarajan (Guam),,2015-07-13T02:00:00.000Z,2015,7
34.0747444,74.8204443,Srinagar (India),,2016-07-03T04:15:00.000Z,2016,7
39.9059631,116.391248,Pekin,IL,2016-02-06T07:06:00.000Z,2016,2
38.5391644,-28.6296155,Horta ( Azores) (Portugal),,2008-06-22T20:57:00.000Z,2008,6
52.9239892,-82.4283488428012,Attawapiskat (Canada),ON,2012-10-08T21:45:00.000Z,2012,10
19.062743,-155.5857883,Naalehu,HI,2016-01-30T02:00:00.000Z,2016,1
23.9739374,120.9820179,"East, 。  (Taiwan)",,2013-06-24T05:18:00.000Z,2013,6
69.6492969,18.9548489,Tromsoe (Norway),,1992-12-01T01:00:00.000Z,1992,12
48.481402,135.07694,Khabarovsk (Russia; eastern),,2012-04-05T04:00:00.000Z,2012,4
36.1894747,5.4046663,Setif (Algeria),,2012-10-03T05:00:00.000Z,2012,10
-0.8999694,11.6899699,,GA,2013-01-09T18:45:00.000Z,2013,1
0.3177137,32.5813539,Kampala (Uganda),,1999-04-15T20:45:00.000Z,1999,4
12.3051828,76.6553609,Mysore (India),,2015-09-25T02:00:00.000Z,2015,9
29.002598,-80.8771739,Royal Plam Beach,FL,1999-06-06T17:30:00.000Z,1999,6
66.0726918,-23.119354,Ísafjörður (Iceland),,2004-10-12T16:00:00.000Z,2004,10
-6.5962985,106.7972421,Bogor,,2008-12-22T20:00:00.000Z,2008,12
18.9031173,-103.846272907359,Tecoman (Mexico),,2006-08-03T22:50:00.000Z,2006,8
-37.9977224,-57.5482702,Mar del Plata (Argentina),,2013-11-29T00:45:00.000Z,2013,11
37.294048,140.316586,Sukagawa (Japan),,2003-08-23T20:00:00.000Z,2003,8
55.6707955,36.6676057,Ryazan (Russia),,2001-05-09T09:00:00.000Z,2001,5
28.0000272,2.9999825,Algiers,LA,2010-09-12T12:32:00.000Z,2010,9
-34.4810094,-54.3365607,Rocha (Uruguay),,2009-05-14T19:20:00.000Z,2009,5
4.1779879,73.5107387,Male (Maldives),,2008-11-05T19:30:00.000Z,2008,11
-0.9524784,100.3632419,Padang (Indonesia),,2013-12-05T18:30:00.000Z,2013,12
28.86180975,48.2749506982991,Ahmadi (Kuwait),AL,2015-06-15T12:00:00.000Z,2015,6
-11.0614096,-54.2865898,Santa Rita,MT,2009-02-26T21:15:00.000Z,2009,2
30.1765914,-85.8054878,Panama City Beach,FL,2016-09-01T22:50:00.000Z,2016,9
-20.7289897,139.4931522,Mount Isa (Australia),,2013-11-12T21:30:00.000Z,2013,11
43.21984255,76.9183518874968,Almaty (Kazakhstan),,2015-04-05T14:00:00.000Z,2015,4
39.3374371,20.2898193,Karavostasi (Greece),,2002-10-01T13:35:00.000Z,2002,10
34.6932379,135.1943764,Kobe (Japan),,2012-10-21T23:40:00.000Z,2012,10
-12.0621064,-77.0365255,Lima (Peru),,2013-11-10T16:30:00.000Z,2013,11
-40.8004019,-63.0006375913365,Patagonia (Argentina),,1977-08-08T22:00:00.000Z,1977,8
32.4207262,-104.2287756,Carlsbad,NM,2015-05-19T23:00:00.000Z,2015,5
64.7194444,-158.1030555,Nulato,AK,1975-06-15T18:30:00.000Z,1975,6
14.8971921,100.83273,Thailand,,1985-06-01T14:00:00.000Z,1985,6
55.1598408,61.4025547,Chelyabinsk (Russia),,2013-02-15T00:00:00.000Z,2013,2
3.8689867,11.5213344,Yaounde (Cameroon),,2006-04-18T23:13:00.000Z,2006,4
40.4583598,50.1320213,Highway 5,AZ,2013-08-01T20:01:00.000Z,2013,8
12.5200282,-70.0339797393523,Aruba (Caribbean),,2003-11-13T01:30:00.000Z,2003,11
34.6592415,-112.0521547,Black Canyon,AZ,2012-07-03T21:50:00.000Z,2012,7
23.8416278,25.4493952,Wadi Hamra (Egypt),,2009-09-19T19:42:00.000Z,2009,9
44.0410835,43.0666626,Pyatigorsk (Russia),,2009-07-17T20:00:00.000Z,2009,7
28.0601971,-16.7310531,Playa de las Americas (Spain),,2008-06-13T13:00:00.000Z,2008,6
18.6861872,-68.4197529,Bavaro (Dominican Republic),,2004-06-17T19:45:00.000Z,2004,6
37.4556019,-91.2095757,Bunker,MO,2006-01-24T18:30:00.000Z,2006,1
23.1300037,113.259001,Canton,,2014-03-30T21:30:00.000Z,2014,3
-33.0907169,18.0348886,Langebaan (South Africa),,2015-08-30T03:00:00.000Z,2015,8
25.38029175,82.938821088128,Varanasi (India),,2012-10-12T23:00:00.000Z,2012,10
17.3079982,78.5003382,"Balapur, Hyderabad (India)",,2008-11-30T19:30:00.000Z,2008,11
-31.4299498,152.9103525,Port Macquarie (Australia),,2013-06-04T18:30:00.000Z,2013,6
-23.8538441,35.5467161,Tofo (Mozambique),,2009-07-01T07:00:00.000Z,2009,7
26.5707754,128.0255901,Okinawa (Japan),,2014-01-24T22:00:00.000Z,2014,1
14.7360257,-91.6152073,Quetzaltenango (Guatemala),,2005-04-16T12:00:00.000Z,2005,4
32.0609736,118.7916458,Nanjing (China),,2010-07-10T23:00:00.000Z,2010,7
-5.81236335,-64.42188053293,Amazon (Brazil),,2004-08-05T00:45:00.000Z,2004,8
-33.6395257,115.0259595,Yallingup (Western Australia),,1998-11-29T12:00:00.000Z,1998,11
5.8391337,118.1158919,Sandakan (Sabah) (Malaysia),,2010-06-10T05:00:00.000Z,2010,6
46.5832731,-71.2063619,Joliette (Canada),QC,2015-08-13T22:30:00.000Z,2015,8
-22.3712957,-41.7866921,Macaé (Brazil),,1997-02-23T00:00:00.000Z,1997,2
-4.6219495,55.4533145,"Victoria, Mahe (Seychelles)",,1978-01-02T20:00:00.000Z,1978,1
-19.5852563,-54.479473,MS (Brazil),,2001-11-25T19:53:00.000Z,2001,11
19.4301313,-154.880839,Opihikao,HI,2014-08-28T19:00:00.000Z,2014,8
-2.1704142,-79.9050239842774,Guayaquil (Ecuador),,1995-06-19T00:00:00.000Z,1995,6
54.7262869,55.9477285,Ufa (Russia),,1991-11-15T23:55:00.000Z,1991,11
31.1728192,-7.3366042,Morocco,,1979-06-15T02:00:00.000Z,1979,6
-21.3596184,148.1144641,Glenden (Australia),,2007-03-07T22:20:00.000Z,2007,3
39.6200928,-78.2925092,Great Cacapon,WV,2001-07-14T21:00:00.000Z,2001,7
-33.8582279,121.8931606,Esperance (Australia),,2012-02-12T20:30:00.000Z,2012,2
9.0,38.75,Addis Abeba (Ethiopia),,2012-04-17T21:52:00.000Z,2012,4
18.1973235,120.5935433,Laoag (Philippines),,2014-04-05T04:50:00.000Z,2014,4
22.2772613,114.180403591561,South Pacific Island,,1961-05-04T01:00:00.000Z,1961,5
47.5729224,-52.9000778,St. Thomas,MO,2006-06-15T21:00:00.000Z,2006,6
-24.5955305,-60.4289717,Formosa,AR,2001-06-13T22:05:00.000Z,2001,6
5.5600141,-0.2057436,Accra (Ghana),,2005-11-10T18:30:00.000Z,2005,11
-6.8673766,109.1378833,Tegal (Indonesia),,2004-09-18T07:00:00.000Z,2004,9
32.896672,13.1777923,Tripoli (Libya),,1956-06-15T02:00:00.000Z,1956,6
60.0058223,-111.8901912,Fort Smith,CA,2005-02-05T05:10:00.000Z,2005,2
44.5599139,-74.3273734,Franklin,NY,2009-08-16T21:30:00.000Z,2009,8
42.7870536,-124.5959437,Seal Rock,OR,1987-04-15T16:00:00.000Z,1987,4
6.3121286,-9.1541113,Galilee,RI,2016-07-24T12:20:00.000Z,2016,7
31.4170488,-108.9297734,Cloverdale,NM,2016-09-19T18:22:00.000Z,2016,9
49.8163211,73.1034204,Karaganda (Kazakhstan),,1995-06-01T00:00:00.000Z,1995,6
44.3127563,-124.1049988,Yachats,OR,2016-07-04T22:45:00.000Z,2016,7
1.560091,110.3454137,Kuching (Malaysia),,2011-03-04T21:30:00.000Z,2011,3
7.0082974,93.7658936,Alexandria,IN,2015-10-08T00:00:00.000Z,2015,10
46.2093417,113.5077196,Sukhbaatar (Mongolia),,1998-08-10T20:30:00.000Z,1998,8
19.5212991,94.0072428,Rakhine State (Myanmar),,2014-03-24T15:00:00.000Z,2014,3
-1.9989107,-54.0727693,Monte Alegre (Para) (Brazil),,1975-09-18T17:00:00.000Z,1975,9
25.239,-76.3291581023923,Eleuthera (Bahamas),,1971-06-15T02:15:00.000Z,1971,6
-10.98916,26.7397418,Likasi (Congo),,1999-07-11T01:00:00.000Z,1999,7
6.1637533,10.1185732,Cameron,WI,2008-04-14T21:00:00.000Z,2008,4
45.4316759,-84.9919991,Harbor Springs,MI,2016-09-02T23:30:00.000Z,2016,9
-29.4344772,30.4279085,Albert Falls (South Africa),,2003-05-01T19:00:00.000Z,2003,5
43.8058709,87.6064713,Urumchi (China),,2012-03-28T21:47:00.000Z,2012,3
31.521587,130.5474077,Kagoshima (Japan),,2007-10-13T02:25:00.000Z,2007,10
28.3881698,-80.6032640248485,Cape Canaveral,FL,2014-08-06T22:00:00.000Z,2014,8
49.5288403,-84.5630623171128,Angus (Canada),ON,2000-08-21T03:30:00.000Z,2000,8
12.1461244,-86.2737169,Managua (Nicaragua),,2013-12-13T21:51:00.000Z,2013,12
35.7066413,139.7703478,Ueno City (Japan),,2004-11-09T10:02:00.000Z,2004,11
24.6319692,46.7150648,Riyadh (Saudi Arabia),,1989-07-01T17:30:00.000Z,1989,7
-34.888494,137.777423660444,Stansbury (South Australia),,1976-01-07T23:00:00.000Z,1976,1
-41.1334671,-71.3099935,Bariloche (Argentina),,2008-02-18T11:30:00.000Z,2008,2
-16.3333329,-71.4999999,Arequipa (Peru),,2003-04-17T16:00:00.000Z,2003,4
19.2294702,-69.6138523,Sanchez (Dominican Republic),,1968-06-27T00:00:00.000Z,1968,6
40.7684074,29.9683195,Kocaeli (Turkey),,1999-07-26T00:00:00.000Z,1999,7
55.0,-124.9999999,Canada,BC,1995-07-07T15:00:00.000Z,1995,7
7.8971458,-72.5080386,Cucuta (Colombia),,2008-06-10T20:14:00.000Z,2008,6
61.5288714,-166.1071931,Hooper Bay,AK,2011-03-15T00:03:00.000Z,2011,3
39.8089351,-85.2913558,Straughn,IN,1999-07-16T22:00:00.000Z,1999,7
32.3676282,-64.7001354,Ferry Reach (Bermuda),,2012-06-20T03:55:00.000Z,2012,6
15.2138472,145.7186959,Saipan (Northern Marianas),,2016-04-29T19:30:00.000Z,2016,4
25.0515153,102.7017638,Kunming (China),,1998-10-24T07:00:00.000Z,1998,10
22.5058547,73.4715851,Halol (India),,2014-11-24T05:30:00.000Z,2014,11
-25.0709307,148.2553456,Carnarvon Gorge (Australia),,2004-01-25T19:30:00.000Z,2004,1
-33.2316666,151.2177778,Kulnura (Australia),,2007-11-13T01:30:00.000Z,2007,11
43.8144046,125.3169424,Changchun (China),,2006-01-31T14:29:00.000Z,2006,1
-20.3297248,-40.2920625,Vila Velha (Brazil),,1988-11-01T17:00:00.000Z,1988,11
-11.9367734,-76.696911,Chosica (Peru),,1966-07-20T14:30:00.000Z,1966,7
42.0427209,-0.5808272,Almudevar (Spain),,1996-06-30T21:00:00.000Z,1996,6
26.8234472,18.1236723,Libya,,1989-10-07T00:00:00.000Z,1989,10
29.2391272,-99.8022794,Uvalde (north of),TX,2004-01-25T15:05:00.000Z,2004,1
37.0377582,22.1109392,Kalamata (Greece),,2015-04-22T23:00:00.000Z,2015,4
65.65699565,19.3456144593749,Arvidsjaur (Sweden),,1991-11-14T23:15:00.000Z,1991,11
6.5310929,80.3964775,Kalawana (Sri Lanka),,2016-08-12T19:40:00.000Z,2016,8
34.00353685,9.36077214013382,,TN,1976-06-01T23:00:00.000Z,1976,6
53.902334,27.5618791,Minsk (Belarus),,1977-12-18T18:30:00.000Z,1977,12
13.9331808,-90.7081707,Monterrico (Guatamala),,2013-03-15T06:03:00.000Z,2013,3
10.6572678,-61.5180172,Port-of-Spain (Trinidad/Tobago),,2013-03-06T19:27:00.000Z,2013,3
12.233333,14.533333,Shilo,IL,2005-06-15T00:15:00.000Z,2005,6
55.0879227,-7.6989322,Milford (Republic of Ireland),,2043-09-07T14:00:00.000Z,2043,9
39.2460331,-9.27133869080639,Lourinha (Portugal),,2004-12-09T22:05:00.000Z,2004,12
30.1927661,-115.231462477994,Ensenada (Baja; Mexico),,2016-07-10T19:00:00.000Z,2016,7
54.849002,11.2261146,Halsted (Denmark),,2003-05-11T13:00:00.000Z,2003,5
-35.3318305,-72.4118997,Constitucion (Chile),,2001-01-01T00:00:00.000Z,2001,1
-12.6740199,143.0869,Hamilton Hill (Australia),,1996-01-01T03:00:00.000Z,1996,1
52.863078,-104.6089496,Melfort (Canada),SK,2007-09-14T23:00:00.000Z,2007,9
24.4984051,-99.0077278695821,San Carlos (Mexico),,2013-02-07T10:30:00.000Z,2013,2
59.81913005,5.48299290267986,Stord (Norway),,2007-10-10T23:20:00.000Z,2007,10
-30.756574,-57.9848988,Chajarí Entre Ríos (Argentina),,2016-06-22T01:35:00.000Z,2016,6
42.73439,3.0302296,St Marie,CA,2004-08-14T16:30:00.000Z,2004,8
25.5426981,-103.4105127,"Torreon, Coahuila (Mexico)",,2011-08-15T20:15:00.000Z,2011,8
34.6391501,-120.4579408,Lompoc,CA,2016-02-26T00:00:00.000Z,2016,2
42.5874941,20.9016008,Kosovo,,2004-01-01T22:00:00.000Z,2004,1
19.8977535,-155.1267258,Hakalau,HI,2014-10-30T22:15:00.000Z,2014,10
-6.1753941,106.8271826,Jakarta (Indonesia),,2016-06-27T03:46:00.000Z,2016,6
-23.5263117,148.1618622,Emerald (Australia),,2012-10-06T10:45:00.000Z,2012,10
-8.996902,125.50482,Ainaro (East Timor),,2000-04-20T05:25:00.000Z,2000,4
18.04970275,-67.1551777560763,Cabo Rojo (Puerto Rico),,1990-04-15T00:00:00.000Z,1990,4
34.89213365,32.3644832024572,Peyia (Cyprus),,2011-06-24T00:05:00.000Z,2011,6
59.9011107,-158.2016851,Dillingham,AK,2016-03-11T07:00:00.000Z,2016,3
-39.6430114,176.8447684,Hastings (New Zealand),,2004-12-31T21:20:00.000Z,2004,12
16.412007,120.5933937,Baguio (Philippines),,2009-06-10T01:00:00.000Z,2009,6
38.72240025,-9.39690907164988,Cascais (Portugal),,1976-06-01T22:00:00.000Z,1976,6
6.9987941,100.44341,"Hatyai, Songkhla (Thailand)",,2001-07-04T00:00:00.000Z,2001,7
53.8001429,-9.5200744,Westport (County Mayo) (Republic of Ireland),,2001-04-20T12:10:00.000Z,2001,4
-7.3302641,110.4995353,Salatiga (Indonesia),,2003-10-12T00:00:00.000Z,2003,10
-6.2972407,-48.9696005,Route 81,PA,2009-05-01T02:00:00.000Z,2009,5
21.876568,-159.4535605,Poipu,HI,2013-11-07T22:00:00.000Z,2013,11
-7.121598,-34.8820279,Joao Pessoa (Brazil),,2007-03-24T22:45:00.000Z,2007,3
35.5141597,-113.3202085,Nelson,AZ,2016-04-12T10:30:00.000Z,2016,4
60.192349,21.9087267,Nagu (Finland),,1993-07-15T14:00:00.000Z,1993,7
22.2471009,68.9742446,Dwarka (India),,2012-06-14T19:00:00.000Z,2012,6
6.4777537,-10.6595287,Harrisburg,MO,2005-10-01T00:00:00.000Z,2005,10
32.8852996,44.3460645,Al-Iskandariyah (Iraq),,2009-10-15T03:00:00.000Z,2009,10
20.9564171,-105.3532726,Lo de Marcos (Mexico),,2016-02-11T22:00:00.000Z,2016,2
-20.2877168,148.7313494,Jubilee Pocket (Queensland) (Australia),,2009-05-18T09:40:00.000Z,2009,5
53.4399379,90.0664303,Khakassia (Russia),,2014-09-27T14:00:00.000Z,2014,9
38.3283548,-94.9919122,Parker,KS,2003-11-20T19:30:00.000Z,2003,11
3.5896654,98.6738261,Medan (Indonesia),,2003-02-10T20:00:00.000Z,2003,2
32.6045143,-9.09741537881433,in the air,,2006-04-07T12:30:00.000Z,2006,4
35.42831395,-119.023994307757,Oildale,CA,2014-02-08T18:45:00.000Z,2014,2
2.3926225,113.646867,Sarawak (Malaysia),,2004-02-22T17:59:00.000Z,2004,2
31.1847222,35.7047218,Kerak (Jordan),,1990-11-15T11:00:00.000Z,1990,11
23.5997857,58.5451305,Muscat (Sultanate of Oman),,2014-01-17T21:15:00.000Z,2014,1
63.6814425,-170.469878910633,Savoonga,AK,2012-09-23T06:00:00.000Z,2012,9
36.7314101,-2.8870653,Balerma (Spain),,2005-11-16T00:00:00.000Z,2005,11
25.5438685,-103.4019649,San Jose del Cabo (Mexico),,2013-03-05T20:00:00.000Z,2013,3
20.7573988,-155.9879845,Hana,HI,2014-09-11T19:45:00.000Z,2014,9
65.3134764,21.4899394,Piteå (Sweden),,1993-08-15T22:00:00.000Z,1993,8
-32.5132702,-54.5234425,Fraile Muerto (Uruguay),,1995-06-15T04:30:00.000Z,1995,6
54.5101087,36.2598115,Kaluga (Russia),,1999-06-14T15:00:00.000Z,1999,6
63.9997694,-22.5565372,Keflavik (Iceland),,1998-08-15T19:00:00.000Z,1998,8
53.851855,-3.0393789,Bispham (Blackpool) (UK/England),,1999-06-13T06:35:00.000Z,1999,6
8.3062206,-62.7320291,"Puerto Ordaz, Bolivar (Venezuela)",,1999-01-01T01:35:00.000Z,1999,1
14.4173558,-16.9661549,Mbour (Senegal),,2002-09-06T00:00:00.000Z,2002,9
-1.9833329,-77.4999999,Felton,PA,2013-12-08T18:00:00.000Z,2013,12
34.626275,135.605845,Yao (Japan),,2007-02-05T07:00:00.000Z,2007,2
50.6353,28.76392,Salie,MI,2015-07-02T02:55:00.000Z,2015,7
32.8795058,-111.5670684,Eleven Mile Corner,AZ,2013-08-23T18:15:00.000Z,2013,8
27.8000135,66.6166537,Khuzdar (Pakistan),,2016-09-09T20:55:00.000Z,2016,9
53.6887137,-132.1847553,Port Clements (Canada),BC,2016-10-09T21:00:00.000Z,2016,10
34.4716558,-120.2148715,Gaviota,CA,2008-10-24T20:30:00.000Z,2008,10
-22.9997403,-43.3659928,Barra da Tijuca (Rio de Janeiro) (Brazil),,2003-07-19T00:50:00.000Z,2003,7
55.9687244,-113.8355866,Wabasca (Canada),AB,1979-10-07T20:00:00.000Z,1979,10
54.2023091,45.9511935,Mariupol (Russia),,2012-11-10T00:00:00.000Z,2012,11
15.8624446,-97.071633,Puerto Escondido (Mexico),,2012-02-09T19:50:00.000Z,2012,2
66.8982057,-162.597762,Kotzebue,AK,2016-03-12T03:00:00.000Z,2016,3
-21.1419559,149.1865149,Mackay (Australia),,2004-09-22T02:30:00.000Z,2004,9
-14.0167097,-70.4444364,Tocca,GA,1984-12-24T23:15:00.000Z,1984,12
-30.7464138,121.473223,Kalgoorlie (Australia),,2006-10-05T22:00:00.000Z,2006,10
11.3486572,99.556637,Ban Krut (Thailand),,2015-03-10T06:00:00.000Z,2015,3
21.233876,70.5528018,Khada (Gujarat) (India),,1973-06-30T00:00:00.000Z,1973,6
53.708021,16.6943922,Szczecinek (Poland),,2013-10-20T21:30:00.000Z,2013,10
32.76943585,4.5605513530725,Guerrara (Algeria),,2002-12-10T03:25:00.000Z,2002,12
-7.4264602,-74.9454424,Ucayali River (Peru),,2008-07-09T23:00:00.000Z,2008,7
14.0931919,-87.201263,Tegucigalpa (Honduras),,2014-04-03T20:00:00.000Z,2014,4
59.9387318,30.3162286,Petersburg,IL,2009-11-28T22:52:00.000Z,2009,11
50.8719137,23.9610182,"Koblo, Hrubieszow (Poland)",,2001-07-20T23:30:00.000Z,2001,7
-35.1127597,173.2677315,Kaitaia (New Zealand),,2010-03-26T06:45:00.000Z,2010,3
-38.0212255,-57.614122,Las Heras (Argentina),,2015-04-19T20:10:00.000Z,2015,4
27.7122671,85.3307025,Kathmandu (Nepal),,2011-11-11T21:11:00.000Z,2011,11
48.8301224,-64.4851791,Gaspe (Canada),QC,2011-06-19T22:45:00.000Z,2011,6
21.2839331,-89.6638353,Progreso (Mexico),,2010-01-08T18:45:00.000Z,2010,1
54.6870458,25.2829111,Vilnius (Lithuania),,2016-07-16T19:45:00.000Z,2016,7
40.3936294,47.7872508,,AZ,2015-11-07T19:05:00.000Z,2015,11
47.4111839,23.1822914,Cehu-Silvaniei (Romania),,2005-06-25T15:00:00.000Z,2005,6
67.025055,-146.417152689178,Venetie,AK,2009-01-02T21:00:00.000Z,2009,1
-8.5174999,121.7632,Meda (Indonesia),,2007-01-27T05:20:00.000Z,2007,1
13.1244799,123.8697031,Manito,IL,2007-12-03T06:50:00.000Z,2007,12
4.6137236,114.3321761,Seria (Brunei),,2005-03-20T05:40:00.000Z,2005,3
-7.7689656,110.405357249038,Depok (Indonesia),,2006-01-15T18:00:00.000Z,2006,1
26.0771539,119.2914774,Fuzhou (China),,2006-07-07T20:15:00.000Z,2006,7
-15.9146576,-47.7633459787364,Chicao,IL,2012-08-11T08:30:00.000Z,2012,8
-14.0170189,-39.8889975,Jitauna (Brazil),,2015-04-08T05:00:00.000Z,2015,4
49.5142846,20.5699385,Jaworzynka (Poland),,1997-03-08T23:00:00.000Z,1997,3
56.015093,39.946558,Lakinsk (Russia),,2000-07-15T00:00:00.000Z,2000,7
19.4433735,-105.0238514,Careyes (Mexico),,2004-10-21T23:30:00.000Z,2004,10
42.7966738,-8.8290522,Cairo,GA,2007-12-31T09:30:00.000Z,2007,12
36.2974945,59.6059232,Mashhad (Iran),,2008-04-28T05:48:00.000Z,2008,4
39.904211,116.407395,Beijing/Hong Kong (between),,2016-10-28T19:00:00.000Z,2016,10
-37.7876213,175.2813186,Hamilton (New Zealand),,2014-03-27T06:30:00.000Z,2014,3
57.0524973,-135.3376123,Sitka,AK,2015-07-04T23:15:00.000Z,2015,7
-7.7829246,110.3669652,Yogyakarta (Indonesia),,1992-06-15T16:30:00.000Z,1992,6
34.541,69.043,Kabul (Afghanistan),,2012-10-14T20:15:00.000Z,2012,10
57.5433765,-153.3574123,Kodiak Island,AK,1977-06-15T02:00:00.000Z,1977,6
46.4268118,0.2621037,Vivonne (France),,2008-09-15T00:00:00.000Z,2008,9
25.20456325,76.0131389201042,Kota (India),,2007-08-20T04:50:00.000Z,2007,8
56.0082657,92.8706219,Krasnoyarsk (Russia),,2006-12-01T11:10:00.000Z,2006,12
-32.1820851,152.5131155,Forster (Australia),,2014-04-23T23:00:00.000Z,2014,4
28.5000001,-106.0,Chihuahua (Mexico),,2002-07-08T23:15:00.000Z,2002,7
12.2343228,79.0761989,Tiruvannamalai (India),,2002-08-20T22:00:00.000Z,2002,8
-25.363572,-49.1879151,Celta,PA,2008-02-29T21:00:00.000Z,2008,2
18.1954947,-63.0750233,Anguilla,,2001-10-19T18:30:00.000Z,2001,10
38.1069515,-103.5102183,Cheraw,CO,1999-05-29T21:00:00.000Z,1999,5
44.629061,-71.9325231919594,Burke,VT,2014-02-22T20:00:00.000Z,2014,2
34.417097,115.6508622,ShangQiu (China),,2015-04-29T00:00:00.000Z,2015,4
55.7824635,37.5239623955749,Russia (Over),,2000-05-11T01:00:00.000Z,2000,5
40.5762406,-124.2639441,Ferndale,CA,2011-07-04T21:30:00.000Z,2011,7
41.6756178,2.7932391,Blanes (Spain),,2003-08-02T22:30:00.000Z,2003,8
41.0052391,39.7253106,Trabzon (Turkey),,1968-05-15T14:00:00.000Z,1968,5
-31.2111803,121.6230719,Kambalda (Western Australia),,1996-06-01T00:00:00.000Z,1996,6
36.6829695,52.5206894,Fereydunkenar (Iran),,2015-03-12T05:00:00.000Z,2015,3
5.9780066,116.0728988,Kota Kinabalu (Malaysia),,2012-01-25T21:00:00.000Z,2012,1
-20.2140656,-70.1524645,Iquique,,2008-01-25T10:30:00.000Z,2008,1
1.4419683,38.4313975,Kenya,,2013-11-23T22:00:00.000Z,2013,11
41.8045293,123.4277858,Shenyang (China),,2005-10-04T17:21:00.000Z,2005,10
34.6568361,-78.7264069,Dublin,NC,2002-03-07T18:00:00.000Z,2002,3
-30.9552777,19.4436111,Loeriesfontein (South Africa),,2001-12-16T11:45:00.000Z,2001,12
55.5328042,25.2818731,Rubikiai (Lithuania),,2013-04-27T19:00:00.000Z,2013,4
-2.9814343,23.8222636,Democratic Republic of the Congo,,2012-07-25T20:20:00.000Z,2012,7
55.0771805,-133.1110541,White Mountain,AK,2006-03-21T00:00:00.000Z,2006,3
50.3226055,-3.8455717,Ashford (UK/England),,2006-04-06T19:50:00.000Z,2006,4
-37.8743699,146.911450369714,Gippsland (Australia),,2012-03-04T23:00:00.000Z,2012,3
-33.4815224,145.5344992,Hillston (NSW)(Australia),,2013-11-11T22:30:00.000Z,2013,11
56.57400765,-169.583718403042,St. George Island,AK,2004-01-11T19:10:00.000Z,2004,1
40.7604396,-8.7065432,Torreira (Portugal),,2002-10-06T12:30:00.000Z,2002,10
57.5068566,-1.7830751,Peterhead (Scotland),,1999-08-11T20:45:00.000Z,1999,8
51.63382,19.24516,Dobron-Lodz (Poland),,2006-08-22T23:00:00.000Z,2006,8
-31.9649999,141.4511111,Broken Hill,,2011-12-31T23:00:00.000Z,2011,12
50.6947098,18.6084308,na,WA,2003-01-16T00:00:00.000Z,2003,1
43.7376768,-65.1005231,Allendale,CA,2008-02-28T22:00:00.000Z,2008,2
21.5822247,39.1640396,Jeddah (Saudi Arabia),,2015-02-20T08:27:00.000Z,2015,2
2.17006065,102.197275440622,Melaka (Malaysia),,2003-05-24T22:48:00.000Z,2003,5
42.0569297,-94.7288699,Glidden,IA,1986-07-01T16:00:00.000Z,1986,7
-7.22974,-39.4274479,Crato (Brazil),,2006-06-13T18:30:00.000Z,2006,6
29.7807878,-96.1571833,Sealy,TX,2000-02-03T21:50:00.000Z,2000,2
62.6281892,-143.505426342222,Slana,AK,2007-02-18T20:15:00.000Z,2007,2
34.6672238,-1.8676291,Sidi Yahia (Morocco),,1968-05-15T00:00:00.000Z,1968,5
8.4,33.46667,Luella,GA,2016-04-13T22:42:00.000Z,2016,4
38.7291867,-27.0658474,Praia da Vitoria (Azores)(Portugal),,2015-07-25T01:15:00.000Z,2015,7
36.9008783,30.6937117,Antalya (Turkey),,2011-06-06T12:10:00.000Z,2011,6
29.0396471,-13.6362983991609,Lanzarote (Canary Islands),,2008-07-10T18:00:00.000Z,2008,7
4.4014086,113.992985069933,Sarawak/Miri (Malaysia),,2002-05-19T16:30:00.000Z,2002,5
8.8719384,-76.077883,Cuchara,CO,2008-06-26T21:30:00.000Z,2008,6
41.0096334,28.9651646,Istanbul (Turkey),,2015-06-09T23:30:00.000Z,2015,6
50.559529,-126.375634,Cracroft Island (Canada),BC,2016-10-31T11:40:00.000Z,2016,10
13.867595,120.9202788,"Butong, Taal, Batangas (Philippines)",,2007-03-17T15:30:00.000Z,2007,3
-30.0329999,-51.2304999,Porto Alegre (Brazil),,2007-12-31T22:40:00.000Z,2007,12
-34.9964962,-64.9672816,,AR,2012-03-14T21:30:00.000Z,2012,3
59.5525529,-126.4850409,Smith River,CA,1995-04-02T23:25:00.000Z,1995,4
40.1139242,-87.8730856,Fithian,IL,2013-06-01T21:15:00.000Z,2013,6
32.27381675,-64.8746565567764,Sandys (Bermuda),,2006-01-22T07:30:00.000Z,2006,1
18.2571618,109.5028518,Sanya (China),,2008-02-08T00:00:00.000Z,2008,2
22.0000001,-102.5,Aguascalientes (Mexico),,1996-01-28T20:30:00.000Z,1996,1
4.8417097,-58.641689,Guyana,,1987-12-15T22:00:00.000Z,1987,12
4.8895453,114.9417574,Bandar Seri Begawan (Brunei),,1991-01-01T20:00:00.000Z,1991,1
32.679439,-16.8448678,Camacha (Portugal),,2013-06-25T22:40:00.000Z,2013,6
-32.7315796,-71.2029474,Nogales (Chile),,2005-02-07T19:00:00.000Z,2005,2
42.8767446,74.6069949,Bishkek (Kyrgystan),,2005-06-22T22:40:00.000Z,2005,6
18.7905618,98.9880909,Chiang Mai (Thailand),,2005-01-30T19:30:00.000Z,2005,1
16.647565,96.1129218,Yangon (Myanmar),,2013-08-03T21:00:00.000Z,2013,8
9.833333,77.833333,Madurai (India),,2006-03-31T07:17:00.000Z,2006,3
55.7420576,-97.8634249,Thompson (Canada),MB,2015-08-14T22:25:00.000Z,2015,8
41.2657181,-70.0683143,Nantucket,MA,2016-08-14T17:00:00.000Z,2016,8
-27.3754945,115.9213599,Sanford (Australia),,2003-08-23T01:30:00.000Z,2003,8
26.9161293,75.8204056,Jaipur (India),,2012-12-23T14:20:00.000Z,2012,12
31.8912717,-85.1454875,Eufaula,AL,2012-01-03T00:19:00.000Z,2012,1
56.7861112,-4.1140517,UK/Scotland,,2014-12-28T17:09:00.000Z,2014,12
-1.9681304,28.1726586,Luka,IL,2001-01-02T16:50:00.000Z,2001,1
44.5391105,18.675193,Tuzla (Bosnia-Herzegovina),,1997-06-15T14:00:00.000Z,1997,6
54.8298289,18.2106494,Karwia (Poland),,1999-08-15T21:00:00.000Z,1999,8
40.7386198,-99.5376052,Overton,NE,1968-04-15T02:00:00.000Z,1968,4
48.6460226,-53.066869,Green Ridge,MO,2001-01-01T22:00:00.000Z,2001,1
-6.8699696,-75.0458514,Peru,IL,2015-11-03T20:30:00.000Z,2015,11
29.6720821,-83.3758592,Steinhatchee,FL,2012-07-04T21:50:00.000Z,2012,7
-27.0884693,153.4040391,Moreton Island (Australia),,2005-03-11T14:00:00.000Z,2005,3
4.476786,101.168079,"Gopeng, Perak (Malaysia)",,2001-01-22T22:30:00.000Z,2001,1
60.7206761,-135.0523078,Whitehorse (Canada),YT,2016-08-22T00:00:00.000Z,2016,8
49.1529863,-125.9044866,Tofino (Canada),BC,2003-07-13T03:00:00.000Z,2003,7
55.547598,-133.2926694,Catalina Island,CA,2015-06-26T17:00:00.000Z,2015,6
11.0869172,-73.8807027103359,Santa Marta (Colombia),,1979-04-06T19:00:00.000Z,1979,4
-33.9806616,149.3374297,Unknown (Australia),,2000-12-24T23:15:00.000Z,2000,12
56.3454406,-94.7076803,Gillam (Canada),MB,2011-02-26T04:30:00.000Z,2011,2
35.3985008,127.937111,Republic of South Korea,,1982-09-15T06:00:00.000Z,1982,9
61.936396,5.1102169,Måløy (Norway),,2003-02-15T23:30:00.000Z,2003,2
-15.8501618,-48.9573169,Pirenopolis (Brazil),,2008-11-10T22:00:00.000Z,2008,11
-21.7558618,-41.3326894,Campos (Brazil),,2008-06-12T12:00:00.000Z,2008,6
21.7214683,-71.6201782,Turks (and Caicos),,2002-11-27T16:00:00.000Z,2002,11
7.9306474,81.032735,Kaduruwela (Sri Lanka),,2002-06-15T00:30:00.000Z,2002,6
40.4075642,-82.3268248,Howard,OH,2015-09-26T20:15:00.000Z,2015,9
51.8842262,-102.0907463,Norquay (Canada),SK,2004-12-03T01:00:00.000Z,2004,12
27.1542979,65.6061122,((Unspecified)),,2015-11-13T22:30:00.000Z,2015,11
49.74473865,-107.487241631461,Ponteix (Canada),SK,2012-08-08T22:00:00.000Z,2012,8
-39.0393899,177.4271389,Wairoa (New Zealand),,1997-07-05T13:21:00.000Z,1997,7
62.2266084,-6.5852704,Klaksvík (Faroe Islands),,2009-02-19T20:40:00.000Z,2009,2
13.7990782,100.3110549,Salaya (Thailand),,2010-12-13T22:00:00.000Z,2010,12
34.2509071,-105.5966685,Corona,NM,1988-07-15T00:00:00.000Z,1988,7
59.6391781,-139.3429438,Yakutat,AK,2003-02-13T14:00:00.000Z,2003,2
-31.6535191,116.6726927,Northam (Australia),,2005-04-05T00:00:00.000Z,2005,4
32.7280616,74.9488478649601,Jammu (India),,2014-08-17T23:19:00.000Z,2014,8
52.1621104,-128.143479,Waglisla (Canada),BC,1992-07-12T23:00:00.000Z,1992,7
-8.064193,-34.8781516,Recife,,2016-08-24T18:20:00.000Z,2016,8
37.5666791,126.9782914,Seoul (South Korea),,2013-10-05T20:14:00.000Z,2013,10
28.0526298,-16.7169999,Los Cristianos (Tenerife),,2008-12-12T23:57:00.000Z,2008,12
9.1301687,-79.7246222,Gamboa Rainforest (Panama),,2003-12-31T13:00:00.000Z,2003,12
15.5460146,73.763253,Calangute (India; Goa),,2016-03-22T20:30:00.000Z,2016,3
47.0533007,-109.9104722,Moccasin,MT,2012-09-21T20:30:00.000Z,2012,9
55.0000001,-97.0,Canada,MB,2010-01-29T13:00:00.000Z,2010,1
40.2251662,31.8102487,Kaplan,LA,2012-03-29T06:25:00.000Z,2012,3
24.0889015,38.0666798,Yanbu (Saudi Arabia),,2009-01-07T14:00:00.000Z,2009,1
23.4500668,-110.2253736,"Todos Santos, bcs (Mexico)",,1999-09-17T04:00:00.000Z,1999,9
30.197721,71.4736279,Multan (Pakistan),,2015-07-13T04:30:00.000Z,2015,7
31.2253441,121.4888922,Shanghai (China),,2016-05-12T23:20:00.000Z,2016,5
7.5294351,-80.0258651,Pedasi (Panama),,1999-09-05T05:30:00.000Z,1999,9
-24.7761085,134.755,Australia,,2014-02-03T11:30:00.000Z,2014,2
55.15,-107.6166669,Beauval (Canada),SK,2005-06-15T19:00:00.000Z,2005,6
13.5829288,-88.875035,Santiago (Chile),,1989-12-25T23:00:00.000Z,1989,12
46.1654766,-60.1735636935906,Sydney (Canada),NS,2015-01-10T18:20:00.000Z,2015,1
44.4970713,34.1586871,Yalta (Crimea) (Ukraine),,2008-12-03T17:05:00.000Z,2008,12
22.7140354,75.8061182385911,Indore (India),,2004-05-20T00:15:00.000Z,2004,5
-14.4415249,28.4441831,Kabwe (Zambia),,2012-05-05T20:00:00.000Z,2012,5
51.0901659,-99.1493191,Eddystone (Canada),MB,2006-12-17T05:30:00.000Z,2006,12
11.9693449,121.922731243477,Boracay Island (Philippines),,2013-12-31T18:33:00.000Z,2013,12
33.8566982,-78.5668656,Little River,SC,2016-06-09T13:00:00.000Z,2016,6
-30.1097391,-51.3153789,Guaíba (Brazil),,1974-06-15T23:00:00.000Z,1974,6
-37.8794581,147.9943828,Lakes Entrance (Australia),,2015-10-20T18:00:00.000Z,2015,10
-32.3429363,-65.0138887,Merlo (Argentina),,2004-03-10T00:00:00.000Z,2004,3
24.0910711,32.8973065,Aswan (Egypt),,1986-04-11T04:00:00.000Z,1986,4
21.5044414,-104.8946666,Tepic (Mexico),,2013-03-01T23:00:00.000Z,2013,3
41.6935247,44.8015019,Tbilisi (Georgia),,2009-05-22T21:10:00.000Z,2009,5
-15.8425904,-47.9183800498269,South Central Iraq,,2007-06-15T22:30:00.000Z,2007,6
40.886943,140.590121,Aomori (Japan),,2008-10-30T19:00:00.000Z,2008,10
41.3123363,69.2787079,Tashkent (Uzbekistan),,1988-08-08T00:00:00.000Z,1988,8
26.213854,127.692221,Naha (Okinawa) (Japan),,1970-06-01T03:30:00.000Z,1970,6
43.2629489,-2.9349458,Bilbao (Spain),,2003-12-21T17:25:00.000Z,2003,12
52.9967003,-118.058998,Jasper (Canada),AB,2016-09-10T01:00:00.000Z,2016,9
-27.5973001,-48.5496097,Florianopolis (Brazil),,2015-06-02T19:01:00.000Z,2015,6
-37.1136102,-56.866105,Argentina (South Atlantic),,2009-04-19T10:45:00.000Z,2009,4
9.4130419,-84.069954644569,Quepos (Costa Rica),,1982-06-01T16:00:00.000Z,1982,6
-32.9423802,135.2738028,Davill,IN,2006-12-25T07:32:00.000Z,2006,12
22.3699417,112.688154,Kai Ping (China),,2005-11-11T08:30:00.000Z,2005,11
7.89661335,98.2955237399811,"Patong Beach, Phuket (Thailand)",,2007-11-13T22:00:00.000Z,2007,11
40.1034582,65.3734221,Navoi (Uzbekistan),,1987-08-10T21:00:00.000Z,1987,8
6.2142699,125.0644033,"Polomolok, South Cotabato (Philippines)",,2002-06-28T13:30:00.000Z,2002,6
35.2325575,-75.5333679,Cape Hatteras,NC,1982-02-01T13:00:00.000Z,1982,2
25.6093239,85.1235252,Patna (India),,2002-06-15T00:00:00.000Z,2002,6
31.735881,62.910369,Delaram (Afghanistan),,2010-08-01T10:08:00.000Z,2010,8
40.6782398,-117.4992869,Pumpernickel Valley,NV,2015-09-20T18:00:00.000Z,2015,9
10.4344055,-85.7850547,Flamingo (Costa Rica),,2000-01-18T00:24:00.000Z,2000,1
16.333333,74.75,Belgaum (India),,2012-12-07T20:00:00.000Z,2012,12
26.5017875,82.2736079149602,Faizabad (India),,2009-07-19T06:05:00.000Z,2009,7
46.4815101,-67.4232637,Glassville (Canada),NB,1994-05-02T22:00:00.000Z,1994,5
56.6027162,21.3144523,Mucie,IN,2006-06-30T01:30:00.000Z,2006,6
36.0584021,-90.4973285,Paragould,AR,2016-09-09T20:20:00.000Z,2016,9
49.9902794,36.2303893,Kharkiv (Ukraine),,2011-10-30T00:35:00.000Z,2011,10
23.999444,38.2275,Yanbu Al Sinaiyah (Saudi Arabia),,1987-04-16T15:30:00.000Z,1987,4
2.7618196,104.1232325,Genting (Malaysia),,2010-11-08T08:00:00.000Z,2010,11
48.7625919,-104.5154682,Sheridan,MT,1989-03-10T22:30:00.000Z,1989,3
-23.6983883,133.8812885,Alice Springs (Australia),,2011-11-27T16:07:00.000Z,2011,11
33.34221,-118.3272611,Avalon,CA,2016-08-22T21:25:00.000Z,2016,8
39.5182427,-119.9888112,Verdi,NV,2003-09-29T03:00:00.000Z,2003,9
9.50135275,99.9956715179437,Koh Samui (Thailand),,2013-10-19T22:00:00.000Z,2013,10
18.1980202,79.7008405,Parkal (India),,1993-05-05T20:00:00.000Z,1993,5
53.1997539,-105.7468432,Prince Albert,SK,2015-09-12T22:00:00.000Z,2015,9
-21.9549805,-49.0232347,Brazil (SP),,2005-06-01T00:00:00.000Z,2005,6
65.8376537,13.1943186,Mosjøen (Norway),,2001-09-23T23:30:00.000Z,2001,9
-33.7454025,-61.9681076,Venado Tuerto (Argentina),,2009-12-31T20:40:00.000Z,2009,12
24.8006088,93.9369998,Imphal (India),,2013-09-11T00:00:00.000Z,2013,9
45.6180851,-61.3574588,Port Hawkesbury (Canada),NS,2010-05-20T23:40:00.000Z,2010,5
60.7922222,-161.7558332,Bethel,AK,2015-01-14T18:00:00.000Z,2015,1
-35.0361998,173.911593,Matauri Bay (New Zealand),,2006-03-11T22:00:00.000Z,2006,3
15.6720462,-86.7341708813332,La Ceiba (Honduras),,2010-07-09T23:00:00.000Z,2010,7
53.3214645,-117.7533596,Hinton (Canada),AB,2013-12-07T06:00:00.000Z,2013,12
39.339652,-116.0881147,Bellevue,NV,2012-03-24T21:00:00.000Z,2012,3
15.0000001,-75.0,Caribbean Sea,,1983-06-30T19:00:00.000Z,1983,6
-17.6806902,178.8333993,Levuka (Fiji),,1986-06-01T08:00:00.000Z,1986,6
11.3370526,124.11591648831,Malapascua Island (Philippines),,2012-04-29T20:30:00.000Z,2012,4
57.3538596,9.9423398,Vrå (Denmark),,1992-06-01T04:00:00.000Z,1992,6
46.2996593,14.5367834,Krvavec Mountain (Slovenia),,2011-08-17T12:43:00.000Z,2011,8
60.55301,-145.688300370854,Cordova,AK,1995-03-28T00:36:00.000Z,1995,3
48.3857979,-114.0609529,Hungry Horse,MT,2003-07-15T05:00:00.000Z,2003,7
10.7758439,106.7017555,Ho Chi Minh City (Viet Nam),,2010-07-06T21:30:00.000Z,2010,7
64.8355165,14.0823988,Stora Blåsjön (Sweden),,2012-12-22T04:30:00.000Z,2012,12
-26.3044897,-48.8486725,Joinville (Brazil),,2013-04-15T20:15:00.000Z,2013,4
23.2234374,-106.4161918,Mazatlán (Mexico),,2001-12-01T21:10:00.000Z,2001,12
41.1399814,-104.8202461,Cheyenne,WY,2015-09-12T21:45:00.000Z,2015,9
67.24651335,15.7385543481889,Fauske (Norway),,2000-11-21T14:15:00.000Z,2000,11
-11.8077083,-37.6178747,Conde-Bahia (Brazil),,2014-08-10T05:45:00.000Z,2014,8
12.8698101,74.8430082,Mangalore (India),,2013-05-04T21:45:00.000Z,2013,5
14.5433708,-91.4527333,San Bernadino,CA,1983-05-28T21:15:00.000Z,1983,5
31.5301718,-113.38971882128,Puerto Penasco (Mexico),,2002-03-31T21:00:00.000Z,2002,3
36.2286641,-96.9255909,Glencoe,OK,1990-10-20T22:50:00.000Z,1990,10
24.8667795,67.0311286,Karachi (Pakistan),,2013-03-30T00:00:00.000Z,2013,3
-34.1622221,18.8702778,Gordons Bay (Cape Town)(South Africa),,2013-11-14T20:05:00.000Z,2013,11
49.0195333,12.0974869,Regensburg (Germany),,2008-07-25T15:04:00.000Z,2008,7
32.26841905,-64.8029504391372,Warwick,,2014-08-09T21:00:00.000Z,2014,8
-15.5986685,-56.09913,Cuiaba (Brazil),,2014-02-26T17:30:00.000Z,2014,2
3.8194136,103.3292929,Kuantan (Malaysia),,2000-10-14T18:43:00.000Z,2000,10
59.9132694,10.7391112,Oslo,,2011-07-21T11:00:00.000Z,2011,7
52.2692835,-9.7054084,Tralee (Ireland),,2010-02-22T18:30:00.000Z,2010,2
20.9083333,-156.2274999,Huelo,HI,1998-01-01T04:00:00.000Z,1998,1
-21.9074675,19.3929661,NA,OH,2004-10-24T23:27:00.000Z,2004,10
62.416667,25.95,Laukaa (Finland),,2015-05-28T15:00:00.000Z,2015,5
11.8395257,13.1536509,Maiduguri (Nigeria),,1991-07-15T20:30:00.000Z,1991,7
-22.1261844,-54.3400742682895,El Centro (east of),AZ,2008-04-16T16:00:00.000Z,2008,4
40.7599375,-112.7774704,Delle,UT,2012-03-16T14:00:00.000Z,2012,3
-28.774491,32.0555033,Richards Bay (South Africa),,2012-12-25T20:30:00.000Z,2012,12
49.766667,-119.7499999,Peachland (Canada),BC,2005-12-26T21:50:00.000Z,2005,12
20.3585127,-89.7713366224578,Uxmal (Mexico),,1977-12-20T21:00:00.000Z,1977,12
-25.2985783,152.8535216,Hervey Bay (Australia),,2006-12-29T20:00:00.000Z,2006,12
44.5299412,-88.0248316,Green Bay,WI,2016-09-02T20:15:00.000Z,2016,9
40.1776121,44.5125849,Yerevan (Armenia),,2012-06-11T21:29:00.000Z,2012,6
-23.6495293,-46.8528496,Embu das Artes (Brazil),,2011-07-23T18:00:00.000Z,2011,7
26.8797819,-80.0533742,Juno Beach,FL,2014-02-15T19:00:00.000Z,2014,2
49.778224,-86.5396059,Longlac (Canada),ON,2007-06-17T01:00:00.000Z,2007,6
29.5226698,33.805572642519,Sinai Peninsula (Egypt),,1990-07-15T22:00:00.000Z,1990,7
22.1910091,88.1904741,Diamond Harbour (India),,2014-07-29T01:05:00.000Z,2014,7
-28.034164,151.9832591,Allora (Australia),,2002-07-25T20:45:00.000Z,2002,7
41.9160989,1.9255287,Gaia,,2011-10-16T19:30:00.000Z,2011,10
25.7871006,-100.185076845432,"Apodaca, Nuevo Leon (Mexico)",,2005-08-27T10:00:00.000Z,2005,8
-32.5894443,19.0147222,Citrusdal (South Africa),,2004-04-12T21:30:00.000Z,2004,4
-37.6537217,145.5161533,Healesville. Victoria (Australia),,2000-10-01T22:00:00.000Z,2000,10
50.097436,-91.9165156,Sioux Lookout (Canada),ON,2009-03-07T23:00:00.000Z,2009,3
8.576425,81.2344952,Trincomalee (Sri Lanka),,2002-06-10T19:00:00.000Z,2002,6
38.0773948,46.2891614,Tabriz,,2011-12-16T22:18:00.000Z,2011,12
28.196914,-16.7647647,Acojeja (Tenerife) (Spain),,2010-11-05T11:08:00.000Z,2010,11
40.5451429,-3.0679184,Marbela (Spain),,1986-03-04T00:00:00.000Z,1986,3
44.5547288,33.4720239,Sevastopol (Ukraine),,2005-04-23T16:00:00.000Z,2005,4
-3.2458866,-79.2430262,San Carlos,AZ,2003-09-29T00:17:00.000Z,2003,9
34.7984095,48.5148511,Hamadan (Iran),,1984-06-15T21:00:00.000Z,1984,6
37.9396678,58.3874263,Ashgabat (Turkmenistan),,1991-03-21T02:00:00.000Z,1991,3
-34.385125,-72.004869,Pichilemu (Chile),,1997-02-14T00:00:00.000Z,1997,2
62.8961111,-163.8941666,Hamilton area,MI,2008-05-18T15:00:00.000Z,2008,5
-38.6874921,176.0754385,Taupo (New Zealand),,1975-06-30T22:00:00.000Z,1975,6
-41.0806337,175.460547,Greytown (New Zealand),,2013-05-16T18:45:00.000Z,2013,5
39.94918695,4.05295155687162,Menorca (Spain),,2016-08-01T16:00:00.000Z,2016,8
35.499601,-119.1128829,I-5 and Lerdo Highway,CA,2004-04-02T21:00:00.000Z,2004,4
-29.5100036,153.135617636922,Woodford Island (Australia),,2012-03-24T19:30:00.000Z,2012,3
35.5141834,24.0181459,Khania (Greece),,2011-06-28T23:30:00.000Z,2011,6
-31.8759834,147.2869493,New South Wales (Australia),,1994-08-07T19:00:00.000Z,1994,8
21.6844495,-157.941667206639,Kahuku,HI,2014-08-27T21:52:00.000Z,2014,8
40.0304212,-124.0730865,Shelter Cove,CA,1972-06-01T19:20:00.000Z,1972,6
36.3710197,-121.9017572,Monterey (north of),CA,1997-06-09T01:15:00.000Z,1997,6
41.8935085,12.4825526,Roma (Italy),,2015-07-11T00:00:00.000Z,2015,7
54.9529889,-1.3669463,Whitburn (UK/England),,2008-01-06T02:00:00.000Z,2008,1
43.8372828,-66.1156036,Yarmouth (Canada),NS,2016-08-03T04:10:00.000Z,2016,8
35.0000035,19.9999957,Mediterranean Sea,,1974-07-15T02:00:00.000Z,1974,7
-23.8431723,151.256132,Gladstone (Australia),,2013-05-04T09:00:00.000Z,2013,5
13.7673582,109.2216969,Qui Nhon (Viet Nam),,1968-07-15T19:00:00.000Z,1968,7
10.3988459,124.732627972802,Hilongos (Leyte) (Philippines),,1998-07-08T17:16:00.000Z,1998,7
-26.5925199,118.4955738,Meekatharra (Western Australia),,2001-05-01T14:00:00.000Z,2001,5
-36.7284497,149.9850271,Tathra (Australia),,2003-03-24T21:00:00.000Z,2003,3
-8.5080921,115.2639576,Ubud (Indonesia),,2014-08-29T21:21:00.000Z,2014,8
56.977375,-111.597602578571,Beaver Lake (Canada),AB,2006-06-06T12:00:00.000Z,2006,6
60.1737372,-134.6964637,Carcross (Canada),YT,2009-02-14T23:23:00.000Z,2009,2
49.51988855,-84.568322602413,Eagle (Canada),ON,2007-10-08T21:00:00.000Z,2007,10
16.0679814,108.2119396,Danang (Viet Nam),,1968-06-01T00:00:00.000Z,1968,6
46.0050102,8.9520281,Lugano (Switzerland),,2003-08-11T22:00:00.000Z,2003,8
-26.2483668,-49.3820671,"São Bento do Sul, SC (Brazil)",,2013-03-27T18:00:00.000Z,2013,3
13.9862612,108.0027018,Pleiku (Viet Nam),,1969-01-15T00:00:00.000Z,1969,1
6.610975,125.429865187273,Davao (Philippines),,1974-06-15T19:00:00.000Z,1974,6
48.7162203,-86.3758953,Marathon,ON,2014-06-14T22:00:00.000Z,2014,6
40.4474067,-118.2895905,Rye Patch,NV,2008-10-15T15:37:00.000Z,2008,10
27.1303344,80.859666,Uttar Pradesh (India),,2015-03-28T22:20:00.000Z,2015,3
27.0000001,50.9999999,Persian Gulf,,1998-06-01T21:45:00.000Z,1998,6
33.4205927,43.307505,Ramadi (Iraq),,2005-09-01T00:00:00.000Z,2005,9
64.9841821,-18.1059012,Iceland,,1957-07-02T12:00:00.000Z,1957,7
56.7455976,-111.4565838,Brooks (Canada),AB,2013-06-09T23:00:00.000Z,2013,6
-0.5827528,100.6133379,West Sumatra (Indonesia),,2013-11-22T19:00:00.000Z,2013,11
-16.4845982,145.4636294,Port Douglas (Australia),,2011-04-09T23:30:00.000Z,2011,4
-36.2999998,-61.7166669,Henderson,AR,2007-08-20T05:30:00.000Z,2007,8
42.63414505,-5.97141500453998,Leon (Spain),,2012-04-06T03:50:00.000Z,2012,4
31.88068535,77.435766575381,Kullu,,2006-07-30T22:00:00.000Z,2006,7
12.7503486,122.7312101,Philippines,,2012-12-01T22:35:00.000Z,2012,12
52.3882184,-2.2454624,Kidderminster (UK/England),,2005-01-04T20:05:00.000Z,2005,1
33.6293427,-91.7912326,Monticello,AR,2014-01-07T16:30:00.000Z,2014,1
-30.1732796,152.998587582102,Coffs Harbour (Australia),,2007-02-24T10:30:00.000Z,2007,2
-19.4777806,-42.5270801,Ipatinga (Minas Gerais) (Brasil),,2003-12-20T03:40:00.000Z,2003,12
43.2984078,-72.4823117,Springfield,VT,2012-11-16T23:00:00.000Z,2012,11
47.496236,18.7448861,Herceghalom (Hungary),,2008-01-01T19:00:00.000Z,2008,1
26.2,78.2,Gwalior (India),,2015-04-22T21:50:00.000Z,2015,4
8.6944171,12.9056389,Pakse,,1972-09-14T17:00:00.000Z,1972,9
46.3628755,-104.274779580408,Baker,MT,1976-02-20T22:00:00.000Z,1976,2
42.6982487,0.4969969,France (Pyrenees Mountains),,2004-05-05T04:30:00.000Z,2004,5
25.0000001,-90.0,Gulf of Mexico,LA,2012-01-11T21:45:00.000Z,2012,1
35.4428864,-84.5930112,Athens,TN,2014-01-27T00:02:00.000Z,2014,1
51.266667,-80.6499999,Moosonee (Canada),ON,2007-01-18T17:30:00.000Z,2007,1
-32.096736,-63.7940922,Cordoba (Argentina),,2003-07-22T18:00:00.000Z,2003,7
-36.6105653,-56.6909692,Costa del Este (Argentina),,2002-12-23T22:30:00.000Z,2002,12
30.9999178,-93.6679538,Burkeville,TX,2009-12-23T15:49:00.000Z,2009,12
-25.363438,-57.5879299,Panama (Central America) (Panama),,2004-08-05T21:00:00.000Z,2004,8
38.1937571,15.5542082,Messina (Italy),,1999-08-11T12:22:00.000Z,1999,8
46.6674266,31.204557,Koblevo (Ukraine),,2002-08-18T01:00:00.000Z,2002,8
10.8677845,-60.9821066,Trinidad/Tobago,,2011-12-09T21:00:00.000Z,2011,12
49.8926723,10.8876149,Bamberg (Germany),,2003-07-21T02:30:00.000Z,2003,7
41.7178527,-76.7791223,Granville Summit,PA,2004-06-26T22:45:00.000Z,2004,6
29.394644,71.6638747,Bahawalpur (Pakistan),,2015-09-15T19:04:00.000Z,2015,9
13.19763575,-59.5454229195264,Saint Joseph,IL,2011-08-25T09:50:00.000Z,2011,8
42.8336304,-8.7302801,Silvia,MO,2012-07-26T04:50:00.000Z,2012,7
24.2279707,55.7667677,Al-Ain (UAE),,2003-07-05T02:30:00.000Z,2003,7
34.9823018,33.1451285,Cyprus,,2001-06-07T21:55:00.000Z,2001,6
31.1990035,29.8943785,Alexandria,LA,2016-02-09T22:00:00.000Z,2016,2
38.0160543,12.5437475,Trapani (TP) (Italy),,2010-05-19T23:12:00.000Z,2010,5
